,Num,Num_Back,Num_SQ,NUM_BACK_SQ
0,22,22,484,484
1,31,13,961,169
2,101,101,10201,10201
3,102,201,10404,40401
4,103,301,10609,90601
5,111,111,12321,12321
6,112,211,12544,44521
7,113,311,12769,96721
8,121,121,14641,14641
9,122,221,14884,48841
10,201,102,40401,10404
11,202,202,40804,40804
12,211,112,44521,12544
13,212,212,44944,44944
14,221,122,48841,14884
15,301,103,90601,10609
16,311,113,96721,12769
17,1001,1001,1002001,1002001
18,1002,2001,1004004,4004001
19,1003,3001,1006009,9006001
20,1011,1101,1022121,1212201
21,1012,2101,1024144,4414201
22,1013,3101,1026169,9616201
23,1021,1201,1042441,1442401
24,1022,2201,1044484,4844401
25,1031,1301,1062961,1692601
26,1101,1011,1212201,1022121
27,1102,2011,1214404,4044121
28,1103,3011,1216609,9066121
29,1111,1111,1234321,1234321
30,1112,2111,1236544,4456321
31,1113,3111,1238769,9678321
32,1121,1211,1256641,1466521
33,1122,2211,1258884,4888521
34,1201,1021,1442401,1042441
35,1202,2021,1444804,4084441
36,1211,1121,1466521,1256641
37,1212,2121,1468944,4498641
38,1301,1031,1692601,1062961
39,2001,1002,4004001,1004004
40,2002,2002,4008004,4008004
41,2011,1102,4044121,1214404
42,2012,2102,4048144,4418404
43,2021,1202,4084441,1444804
44,2022,2202,4088484,4848804
45,2101,1012,4414201,1024144
46,2102,2012,4418404,4048144
47,2111,1112,4456321,1236544
48,2121,1212,4498641,1468944
49,2201,1022,4844401,1044484
50,2202,2022,4848804,4088484
51,2211,1122,4888521,1258884
52,3001,1003,9006001,1006009
53,3011,1103,9066121,1216609
54,3101,1013,9616201,1026169
55,3111,1113,9678321,1238769
56,10001,10001,100020001,100020001
57,10002,20001,100040004,400040001
58,10003,30001,100060009,900060001
59,10011,11001,100220121,121022001
60,10012,21001,100240144,441042001
61,10013,31001,100260169,961062001
62,10021,12001,100420441,144024001
63,10022,22001,100440484,484044001
64,10031,13001,100620961,169026001
65,10101,10101,102030201,102030201
66,10102,20101,102050404,404050201
67,10103,30101,102070609,906070201
68,10111,11101,102232321,123232201
69,10112,21101,102252544,445252201
70,10113,31101,102272769,967272201
71,10121,12101,102434641,146434201
72,10122,22101,102454884,488454201
73,10201,10201,104060401,104060401
74,10202,20201,104080804,408080401
75,10211,11201,104264521,125462401
76,10212,21201,104284944,449482401
77,10221,12201,104468841,148864401
78,11001,10011,121022001,100220121
79,11002,20011,121044004,400440121
80,11003,30011,121066009,900660121
81,11011,11011,121242121,121242121
82,11012,21011,121264144,441462121
83,11013,31011,121286169,961682121
84,11021,12011,121462441,144264121
85,11022,22011,121484484,484484121
86,11031,13011,121682961,169286121
87,11101,10111,123232201,102232321
88,11102,20111,123254404,404452321
89,11103,30111,123276609,906672321
90,11111,11111,123454321,123454321
91,11112,21111,123476544,445674321
92,11113,31111,123498769,967894321
93,11121,12111,123676641,146676321
94,11122,22111,123698884,488896321
95,11201,10211,125462401,104264521
96,11202,20211,125484804,408484521
97,11211,11211,125686521,125686521
98,12001,10021,144024001,100420441
99,12002,20021,144048004,400840441
100,12011,11021,144264121,121462441
101,12012,21021,144288144,441882441
102,12101,10121,146434201,102434641
103,12102,20121,146458404,404854641
104,12111,11121,146676321,123676641
105,12201,10221,148864401,104468841
106,12202,20221,148888804,408888841
107,13001,10031,169026001,100620961
108,13011,11031,169286121,121682961
109,20001,10002,400040001,100040004
110,20002,20002,400080004,400080004
111,20011,11002,400440121,121044004
112,20012,21002,400480144,441084004
113,20021,12002,400840441,144048004
114,20022,22002,400880484,484088004
115,20101,10102,404050201,102050404
116,20102,20102,404090404,404090404
117,20111,11102,404452321,123254404
118,20112,21102,404492544,445294404
119,20121,12102,404854641,146458404
120,20122,22102,404894884,488498404
121,20201,10202,408080401,104080804
122,20211,11202,408484521,125484804
123,20221,12202,408888841,148888804
124,21001,10012,441042001,100240144
125,21002,20012,441084004,400480144
126,21011,11012,441462121,121264144
127,21021,12012,441882441,144288144
128,21101,10112,445252201,102252544
129,21102,20112,445294404,404492544
130,21111,11112,445674321,123476544
131,21201,10212,449482401,104284944
132,22001,10022,484044001,100440484
133,22002,20022,484088004,400880484
134,22011,11022,484484121,121484484
135,22101,10122,488454201,102454884
136,22102,20122,488498404,404894884
137,22111,11122,488896321,123698884
138,30001,10003,900060001,100060009
139,30011,11003,900660121,121066009
140,30101,10103,906070201,102070609
141,30111,11103,906672321,123276609
142,31001,10013,961062001,100260169
143,31011,11013,961682121,121286169
144,31101,10113,967272201,102272769
145,31111,11113,967894321,123498769
146,100001,100001,10000200001,10000200001
147,100002,200001,10000400004,40000400001
148,100003,300001,10000600009,90000600001
149,100011,110001,10002200121,12100220001
150,100012,210001,10002400144,44100420001
151,100013,310001,10002600169,96100620001
152,100021,120001,10004200441,14400240001
153,100022,220001,10004400484,48400440001
154,100031,130001,10006200961,16900260001
155,100101,101001,10020210201,10201202001
156,100102,201001,10020410404,40401402001
157,100103,301001,10020610609,90601602001
158,100111,111001,10022212321,12321222001
159,100112,211001,10022412544,44521422001
160,100113,311001,10022612769,96721622001
161,100121,121001,10024214641,14641242001
162,100122,221001,10024414884,48841442001
163,100201,102001,10040240401,10404204001
164,100202,202001,10040440804,40804404001
165,100211,112001,10042244521,12544224001
166,100212,212001,10042444944,44944424001
167,100221,122001,10044248841,14884244001
168,100301,103001,10060290601,10609206001
169,100311,113001,10062296721,12769226001
170,101001,100101,10201202001,10020210201
171,101002,200101,10201404004,40040410201
172,101003,300101,10201606009,90060610201
173,101011,110101,10203222121,12122230201
174,101012,210101,10203424144,44142430201
175,101013,310101,10203626169,96162630201
176,101021,120101,10205242441,14424250201
177,101022,220101,10205444484,48444450201
178,101031,130101,10207262961,16926270201
179,101101,101101,10221412201,10221412201
180,101102,201101,10221614404,40441612201
181,101103,301101,10221816609,90661812201
182,101111,111101,10223434321,12343432201
183,101112,211101,10223636544,44563632201
184,101113,311101,10223838769,96783832201
185,101121,121101,10225456641,14665452201
186,101122,221101,10225658884,48885652201
187,101201,102101,10241642401,10424614201
188,101202,202101,10241844804,40844814201
189,101211,112101,10243666521,12566634201
190,101212,212101,10243868944,44986834201
191,101301,103101,10261892601,10629816201
192,102001,100201,10404204001,10040240401
193,102002,200201,10404408004,40080440401
194,102011,110201,10406244121,12144260401
195,102012,210201,10406448144,44184460401
196,102021,120201,10408284441,14448280401
197,102022,220201,10408488484,48488480401
198,102101,101201,10424614201,10241642401
199,102102,201201,10424818404,40481842401
200,102111,111201,10426656321,12365662401
201,102121,121201,10428698641,14689682401
202,103001,100301,10609206001,10060290601
203,103101,101301,10629816201,10261892601
204,110001,100011,12100220001,10002200121
205,110002,200011,12100440004,40004400121
206,110003,300011,12100660009,90006600121
207,110011,110011,12102420121,12102420121
208,110012,210011,12102640144,44104620121
209,110013,310011,12102860169,96106820121
210,110021,120011,12104620441,14402640121
211,110022,220011,12104840484,48404840121
212,110031,130011,12106820961,16902860121
213,110101,101011,12122230201,10203222121
214,110102,201011,12122450404,40405422121
215,110103,301011,12122670609,90607622121
216,110111,111011,12124432321,12323442121
217,110112,211011,12124652544,44525642121
218,110113,311011,12124872769,96727842121
219,110121,121011,12126634641,14643662121
220,110122,221011,12126854884,48845862121
221,110201,102011,12144260401,10406244121
222,110202,202011,12144480804,40808444121
223,110211,112011,12146464521,12546464121
224,110212,212011,12146684944,44948664121
225,110221,122011,12148668841,14886684121
226,111001,100111,12321222001,10022212321
227,111002,200111,12321444004,40044412321
228,111003,300111,12321666009,90066612321
229,111011,110111,12323442121,12124432321
230,111012,210111,12323664144,44146632321
231,111013,310111,12323886169,96168832321
232,111021,120111,12325662441,14426652321
233,111022,220111,12325884484,48448852321
234,111031,130111,12327882961,16928872321
235,111101,101111,12343432201,10223434321
236,111102,201111,12343654404,40445634321
237,111103,301111,12343876609,90667834321
238,111111,111111,12345654321,12345654321
239,111112,211111,12345876544,44567854321
240,111121,121111,12347876641,14667874321
241,111201,102111,12365662401,10426656321
242,111202,202111,12365884804,40848856321
243,111211,112111,12367886521,12568876321
244,112001,100211,12544224001,10042244521
245,112002,200211,12544448004,40084444521
246,112011,110211,12546464121,12146464521
247,112012,210211,12546688144,44188664521
248,112101,101211,12566634201,10243666521
249,112102,201211,12566858404,40485866521
250,112111,111211,12568876321,12367886521
251,113001,100311,12769226001,10062296721
252,120001,100021,14400240001,10004200441
253,120002,200021,14400480004,40008400441
254,120011,110021,14402640121,12104620441
255,120012,210021,14402880144,44108820441
256,120101,101021,14424250201,10205242441
257,120102,201021,14424490404,40409442441
258,120111,111021,14426652321,12325662441
259,120112,211021,14426892544,44529862441
260,120201,102021,14448280401,10408284441
261,121001,100121,14641242001,10024214641
262,121002,200121,14641484004,40048414641
263,121011,110121,14643662121,12126634641
264,121101,101121,14665452201,10225456641
265,121102,201121,14665694404,40449656641
266,121111,111121,14667874321,12347876641
267,121201,102121,14689682401,10428698641
268,122001,100221,14884244001,10044248841
269,122002,200221,14884488004,40088448841
270,122011,110221,14886684121,12148668841
271,130001,100031,16900260001,10006200961
272,130011,110031,16902860121,12106820961
273,130101,101031,16926270201,10207262961
274,130111,111031,16928872321,12327882961
275,200001,100002,40000400001,10000400004
276,200002,200002,40000800004,40000800004
277,200011,110002,40004400121,12100440004
278,200012,210002,40004800144,44100840004
279,200021,120002,40008400441,14400480004
280,200022,220002,40008800484,48400880004
281,200101,101002,40040410201,10201404004
282,200102,201002,40040810404,40401804004
283,200111,111002,40044412321,12321444004
284,200112,211002,40044812544,44521844004
285,200121,121002,40048414641,14641484004
286,200122,221002,40048814884,48841884004
287,200201,102002,40080440401,10404408004
288,200202,202002,40080840804,40804808004
289,200211,112002,40084444521,12544448004
290,200212,212002,40084844944,44944848004
291,200221,122002,40088448841,14884488004
292,201001,100102,40401402001,10020410404
293,201002,200102,40401804004,40040810404
294,201011,110102,40405422121,12122450404
295,201012,210102,40405824144,44142850404
296,201021,120102,40409442441,14424490404
297,201022,220102,40409844484,48444890404
298,201101,101102,40441612201,10221614404
299,201111,111102,40445634321,12343654404
300,201121,121102,40449656641,14665694404
301,201201,102102,40481842401,10424818404
302,201211,112102,40485866521,12566858404
303,202001,100202,40804404001,10040440804
304,202002,200202,40804808004,40080840804
305,202011,110202,40808444121,12144480804
306,202012,210202,40808848144,44184880804
307,202101,101202,40844814201,10241844804
308,202111,111202,40848856321,12365884804
309,210001,100012,44100420001,10002400144
310,210002,200012,44100840004,40004800144
311,210011,110012,44104620121,12102640144
312,210021,120012,44108820441,14402880144
313,210101,101012,44142430201,10203424144
314,210102,201012,44142850404,40405824144
315,210111,111012,44146632321,12323664144
316,210201,102012,44184460401,10406448144
317,210202,202012,44184880804,40808848144
318,210211,112012,44188664521,12546688144
319,211001,100112,44521422001,10022412544
320,211002,200112,44521844004,40044812544
321,211011,110112,44525642121,12124652544
322,211021,120112,44529862441,14426892544
323,211101,101112,44563632201,10223636544
324,211111,111112,44567854321,12345876544
325,212001,100212,44944424001,10042444944
326,212002,200212,44944848004,40084844944
327,212011,110212,44948664121,12146684944
328,212101,101212,44986834201,10243868944
329,220001,100022,48400440001,10004400484
330,220002,200022,48400880004,40008800484
331,220011,110022,48404840121,12104840484
332,220101,101022,48444450201,10205444484
333,220102,201022,48444890404,40409844484
334,220111,111022,48448852321,12325884484
335,220201,102022,48488480401,10408488484
336,221001,100122,48841442001,10024414884
337,221002,200122,48841884004,40048814884
338,221011,110122,48845862121,12126854884
339,221101,101122,48885652201,10225658884
340,300001,100003,90000600001,10000600009
341,300011,110003,90006600121,12100660009
342,300101,101003,90060610201,10201606009
343,300111,111003,90066612321,12321666009
344,301001,100103,90601602001,10020610609
345,301011,110103,90607622121,12122670609
346,301101,101103,90661812201,10221816609
347,301111,111103,90667834321,12343876609
348,310001,100013,96100620001,10002600169
349,310011,110013,96106820121,12102860169
350,310101,101013,96162630201,10203626169
351,310111,111013,96168832321,12323886169
352,311001,100113,96721622001,10022612769
353,311011,110113,96727842121,12124872769
354,311101,101113,96783832201,10223838769
355,1000001,1000001,1000002000001,1000002000001
356,1000002,2000001,1000004000004,4000004000001
357,1000003,3000001,1000006000009,9000006000001
358,1000011,1100001,1000022000121,1210002200001
359,1000012,2100001,1000024000144,4410004200001
360,1000013,3100001,1000026000169,9610006200001
361,1000021,1200001,1000042000441,1440002400001
362,1000022,2200001,1000044000484,4840004400001
363,1000031,1300001,1000062000961,1690002600001
364,1000101,1010001,1000202010201,1020102020001
365,1000102,2010001,1000204010404,4040104020001
366,1000103,3010001,1000206010609,9060106020001
367,1000111,1110001,1000222012321,1232102220001
368,1000112,2110001,1000224012544,4452104220001
369,1000113,3110001,1000226012769,9672106220001
370,1000121,1210001,1000242014641,1464102420001
371,1000122,2210001,1000244014884,4884104420001
372,1000201,1020001,1000402040401,1040402040001
373,1000202,2020001,1000404040804,4080404040001
374,1000211,1120001,1000422044521,1254402240001
375,1000212,2120001,1000424044944,4494404240001
376,1000221,1220001,1000442048841,1488402440001
377,1000301,1030001,1000602090601,1060902060001
378,1000311,1130001,1000622096721,1276902260001
379,1001001,1001001,1002003002001,1002003002001
380,1001002,2001001,1002005004004,4004005002001
381,1001003,3001001,1002007006009,9006007002001
382,1001011,1101001,1002023022121,1212203202001
383,1001012,2101001,1002025024144,4414205202001
384,1001013,3101001,1002027026169,9616207202001
385,1001021,1201001,1002043042441,1442403402001
386,1001022,2201001,1002045044484,4844405402001
387,1001031,1301001,1002063062961,1692603602001
388,1001101,1011001,1002203212201,1022123022001
389,1001102,2011001,1002205214404,4044125022001
390,1001103,3011001,1002207216609,9066127022001
391,1001111,1111001,1002223234321,1234323222001
392,1001112,2111001,1002225236544,4456325222001
393,1001113,3111001,1002227238769,9678327222001
394,1001121,1211001,1002243256641,1466523422001
395,1001122,2211001,1002245258884,4888525422001
396,1001201,1021001,1002403442401,1042443042001
397,1001202,2021001,1002405444804,4084445042001
398,1001211,1121001,1002423466521,1256643242001
399,1001212,2121001,1002425468944,4498645242001
400,1001301,1031001,1002603692601,1062963062001
401,1002001,1002001,1004006004001,1004006004001
402,1002002,2002001,1004008008004,4008008004001
403,1002011,1102001,1004026044121,1214406204001
404,1002012,2102001,1004028048144,4418408204001
405,1002021,1202001,1004046084441,1444806404001
406,1002022,2202001,1004048088484,4848808404001
407,1002101,1012001,1004206414201,1024146024001
408,1002102,2012001,1004208418404,4048148024001
409,1002111,1112001,1004226456321,1236546224001
410,1002121,1212001,1004246498641,1468946424001
411,1002201,1022001,1004406844401,1044486044001
412,1002202,2022001,1004408848804,4088488044001
413,1002211,1122001,1004426888521,1258886244001
414,1010001,1000101,1020102020001,1000202010201
415,1010002,2000101,1020104040004,4000404010201
416,1010003,3000101,1020106060009,9000606010201
417,1010011,1100101,1020122220121,1210222210201
418,1010012,2100101,1020124240144,4410424210201
419,1010013,3100101,1020126260169,9610626210201
420,1010021,1200101,1020142420441,1440242410201
421,1010022,2200101,1020144440484,4840444410201
422,1010031,1300101,1020162620961,1690262610201
423,1010101,1010101,1020304030201,1020304030201
424,1010102,2010101,1020306050404,4040506030201
425,1010103,3010101,1020308070609,9060708030201
426,1010111,1110101,1020324232321,1232324230201
427,1010112,2110101,1020326252544,4452526230201
428,1010113,3110101,1020328272769,9672728230201
429,1010121,1210101,1020344434641,1464344430201
430,1010122,2210101,1020346454884,4884546430201
431,1010201,1020101,1020506060401,1040606050201
432,1010202,2020101,1020508080804,4080808050201
433,1010211,1120101,1020526264521,1254626250201
434,1010212,2120101,1020528284944,4494828250201
435,1010221,1220101,1020546468841,1488646450201
436,1011001,1001101,1022123022001,1002203212201
437,1011002,2001101,1022125044004,4004405212201
438,1011003,3001101,1022127066009,9006607212201
439,1011011,1101101,1022143242121,1212423412201
440,1011012,2101101,1022145264144,4414625412201
441,1011013,3101101,1022147286169,9616827412201
442,1011021,1201101,1022163462441,1442643612201
443,1011022,2201101,1022165484484,4844845612201
444,1011031,1301101,1022183682961,1692863812201
445,1011101,1011101,1022325232201,1022325232201
446,1011102,2011101,1022327254404,4044527232201
447,1011103,3011101,1022329276609,9066729232201
448,1011111,1111101,1022345454321,1234545432201
449,1011112,2111101,1022347476544,4456747432201
450,1011113,3111101,1022349498769,9678949432201
451,1011121,1211101,1022365676641,1466765632201
452,1011122,2211101,1022367698884,4888967632201
453,1011201,1021101,1022527462401,1042647252201
454,1011202,2021101,1022529484804,4084849252201
455,1011211,1121101,1022547686521,1256867452201
456,1012001,1002101,1024146024001,1004206414201
457,1012002,2002101,1024148048004,4008408414201
458,1012011,1102101,1024166264121,1214626614201
459,1012012,2102101,1024168288144,4418828614201
460,1012101,1012101,1024348434201,1024348434201
461,1012111,1112101,1024368676321,1236768634201
462,1020001,1000201,1040402040001,1000402040401
463,1020002,2000201,1040404080004,4000804040401
464,1020011,1100201,1040422440121,1210442240401
465,1020012,2100201,1040424480144,4410844240401
466,1020021,1200201,1040442840441,1440482440401
467,1020022,2200201,1040444880484,4840884440401
468,1020101,1010201,1040606050201,1020506060401
469,1020102,2010201,1040608090404,4040908060401
470,1020111,1110201,1040626452321,1232546260401
471,1020112,2110201,1040628492544,4452948260401
472,1020121,1210201,1040646854641,1464586460401
473,1020122,2210201,1040648894884,4884988460401
474,1021001,1001201,1042443042001,1002403442401
475,1021002,2001201,1042445084004,4004805442401
476,1021011,1101201,1042463462121,1212643642401
477,1021021,1201201,1042483882441,1442883842401
478,1021101,1011201,1042647252201,1022527462401
479,1021102,2011201,1042649294404,4044929462401
480,1021111,1111201,1042667674321,1234767662401
481,1022001,1002201,1044486044001,1004406844401
482,1022002,2002201,1044488088004,4008808844401
483,1030001,1000301,1060902060001,1000602090601
484,1030011,1100301,1060922660121,1210662290601
485,1031001,1001301,1062963062001,1002603692601
486,1031011,1101301,1062983682121,1212863892601
487,1100001,1000011,1210002200001,1000022000121
488,1100002,2000011,1210004400004,4000044000121
489,1100003,3000011,1210006600009,9000066000121
490,1100011,1100011,1210024200121,1210024200121
491,1100012,2100011,1210026400144,4410046200121
492,1100013,3100011,1210028600169,9610068200121
493,1100021,1200011,1210046200441,1440026400121
494,1100022,2200011,1210048400484,4840048400121
495,1100031,1300011,1210068200961,1690028600121
496,1100101,1010011,1210222210201,1020122220121
497,1100102,2010011,1210224410404,4040144220121
498,1100103,3010011,1210226610609,9060166220121
499,1100111,1110011,1210244212321,1232124420121
500,1100112,2110011,1210246412544,4452146420121
501,1100113,3110011,1210248612769,9672168420121
502,1100121,1210011,1210266214641,1464126620121
503,1100122,2210011,1210268414884,4884148620121
504,1100201,1020011,1210442240401,1040422440121
505,1100202,2020011,1210444440804,4080444440121
506,1100211,1120011,1210464244521,1254424640121
507,1100212,2120011,1210466444944,4494446640121
508,1100221,1220011,1210486248841,1488426840121
509,1100301,1030011,1210662290601,1060922660121
510,1100311,1130011,1210684296721,1276924860121
511,1101001,1001011,1212203202001,1002023022121
512,1101002,2001011,1212205404004,4004045022121
513,1101003,3001011,1212207606009,9006067022121
514,1101011,1101011,1212225222121,1212225222121
515,1101012,2101011,1212227424144,4414247222121
516,1101013,3101011,1212229626169,9616269222121
517,1101021,1201011,1212247242441,1442427422121
518,1101022,2201011,1212249444484,4844449422121
519,1101031,1301011,1212269262961,1692629622121
520,1101101,1011011,1212423412201,1022143242121
521,1101102,2011011,1212425614404,4044165242121
522,1101103,3011011,1212427816609,9066187242121
523,1101111,1111011,1212445434321,1234345442121
524,1101112,2111011,1212447636544,4456367442121
525,1101113,3111011,1212449838769,9678389442121
526,1101121,1211011,1212467456641,1466547642121
527,1101122,2211011,1212469658884,4888569642121
528,1101201,1021011,1212643642401,1042463462121
529,1101202,2021011,1212645844804,4084485462121
530,1101211,1121011,1212665666521,1256665662121
531,1101212,2121011,1212667868944,4498687662121
532,1101301,1031011,1212863892601,1062983682121
533,1102001,1002011,1214406204001,1004026044121
534,1102002,2002011,1214408408004,4008048044121
535,1102011,1102011,1214428244121,1214428244121
536,1102101,1012011,1214626614201,1024166264121
537,1102102,2012011,1214628818404,4048188264121
538,1102111,1112011,1214648656321,1236568464121
539,1110001,1000111,1232102220001,1000222012321
540,1110002,2000111,1232104440004,4000444012321
541,1110003,3000111,1232106660009,9000666012321
542,1110011,1100111,1232124420121,1210244212321
543,1110012,2100111,1232126640144,4410466212321
544,1110013,3100111,1232128860169,9610688212321
545,1110021,1200111,1232146620441,1440266412321
546,1110022,2200111,1232148840484,4840488412321
547,1110031,1300111,1232168820961,1690288612321
548,1110101,1010111,1232324230201,1020324232321
549,1110102,2010111,1232326450404,4040546232321
550,1110103,3010111,1232328670609,9060768232321
551,1110111,1110111,1232346432321,1232346432321
552,1110112,2110111,1232348652544,4452568432321
553,1110121,1210111,1232368634641,1464368632321
554,1110201,1020111,1232546260401,1040626452321
555,1110202,2020111,1232548480804,4080848452321
556,1110211,1120111,1232568464521,1254648652321
557,1111001,1001111,1234323222001,1002223234321
558,1111002,2001111,1234325444004,4004445234321
559,1111003,3001111,1234327666009,9006667234321
560,1111011,1101111,1234345442121,1212445434321
561,1111012,2101111,1234347664144,4414667434321
562,1111013,3101111,1234349886169,9616889434321
563,1111021,1201111,1234367662441,1442667634321
564,1111022,2201111,1234369884484,4844889634321
565,1111031,1301111,1234389882961,1692889834321
566,1111101,1011111,1234545432201,1022345454321
567,1111102,2011111,1234547654404,4044567454321
568,1111103,3011111,1234549876609,9066789454321
569,1111111,1111111,1234567654321,1234567654321
570,1111112,2111111,1234569876544,4456789654321
571,1111121,1211111,1234589876641,1466789854321
572,1111201,1021111,1234767662401,1042667674321
573,1111202,2021111,1234769884804,4084889674321
574,1111211,1121111,1234789886521,1256889874321
575,1112001,1002111,1236546224001,1004226456321
576,1112002,2002111,1236548448004,4008448456321
577,1112011,1102111,1236568464121,1214648656321
578,1112101,1012111,1236768634201,1024368676321
579,1120001,1000211,1254402240001,1000422044521
580,1120002,2000211,1254404480004,4000844044521
581,1120011,1100211,1254424640121,1210464244521
582,1120012,2100211,1254426880144,4410886244521
583,1120101,1010211,1254626250201,1020526264521
584,1120102,2010211,1254628490404,4040948264521
585,1120111,1110211,1254648652321,1232568464521
586,1121001,1001211,1256643242001,1002423466521
587,1121002,2001211,1256645484004,4004845466521
588,1121011,1101211,1256665662121,1212665666521
589,1121101,1011211,1256867452201,1022547686521
590,1121102,2011211,1256869694404,4044969686521
591,1121111,1111211,1256889874321,1234789886521
592,1122001,1002211,1258886244001,1004426888521
593,1122002,2002211,1258888488004,4008848888521
594,1130001,1000311,1276902260001,1000622096721
595,1130011,1100311,1276924860121,1210684296721
596,1200001,1000021,1440002400001,1000042000441
597,1200002,2000021,1440004800004,4000084000441
598,1200011,1100021,1440026400121,1210046200441
599,1200012,2100021,1440028800144,4410088200441
600,1200101,1010021,1440242410201,1020142420441
601,1200102,2010021,1440244810404,4040184420441
602,1200111,1110021,1440266412321,1232146620441
603,1200112,2110021,1440268812544,4452188620441
604,1200201,1020021,1440482440401,1040442840441
605,1200202,2020021,1440484840804,4080484840441
606,1201001,1001021,1442403402001,1002043042441
607,1201002,2001021,1442405804004,4004085042441
608,1201011,1101021,1442427422121,1212247242441
609,1201012,2101021,1442429824144,4414289242441
610,1201101,1011021,1442643612201,1022163462441
611,1201111,1111021,1442667634321,1234367662441
612,1201201,1021021,1442883842401,1042483882441
613,1202001,1002021,1444806404001,1004046084441
614,1202002,2002021,1444808808004,4008088084441
615,1210001,1000121,1464102420001,1000242014641
616,1210002,2000121,1464104840004,4000484014641
617,1210011,1100121,1464126620121,1210266214641
618,1210101,1010121,1464344430201,1020344434641
619,1210102,2010121,1464346850404,4040586434641
620,1210111,1110121,1464368632321,1232368634641
621,1210201,1020121,1464586460401,1040646854641
622,1210202,2020121,1464588880804,4080888854641
623,1211001,1001121,1466523422001,1002243256641
624,1211002,2001121,1466525844004,4004485256641
625,1211011,1101121,1466547642121,1212467456641
626,1211101,1011121,1466765632201,1022365676641
627,1211111,1111121,1466789854321,1234589876641
628,1212001,1002121,1468946424001,1004246498641
629,1212002,2002121,1468948848004,4008488498641
630,1220001,1000221,1488402440001,1000442048841
631,1220002,2000221,1488404880004,4000884048841
632,1220011,1100221,1488426840121,1210486248841
633,1220101,1010221,1488646450201,1020546468841
634,1220102,2010221,1488648890404,4040988468841
635,1300001,1000031,1690002600001,1000062000961
636,1300011,1100031,1690028600121,1210068200961
637,1300101,1010031,1690262610201,1020162620961
638,1300111,1110031,1690288612321,1232168820961
639,1301001,1001031,1692603602001,1002063062961
640,1301011,1101031,1692629622121,1212269262961
641,1301101,1011031,1692863812201,1022183682961
642,1301111,1111031,1692889834321,1234389882961
643,2000001,1000002,4000004000001,1000004000004
644,2000002,2000002,4000008000004,4000008000004
645,2000011,1100002,4000044000121,1210004400004
646,2000012,2100002,4000048000144,4410008400004
647,2000021,1200002,4000084000441,1440004800004
648,2000022,2200002,4000088000484,4840008800004
649,2000101,1010002,4000404010201,1020104040004
650,2000102,2010002,4000408010404,4040108040004
651,2000111,1110002,4000444012321,1232104440004
652,2000112,2110002,4000448012544,4452108440004
653,2000121,1210002,4000484014641,1464104840004
654,2000122,2210002,4000488014884,4884108840004
655,2000201,1020002,4000804040401,1040404080004
656,2000202,2020002,4000808040804,4080408080004
657,2000211,1120002,4000844044521,1254404480004
658,2000212,2120002,4000848044944,4494408480004
659,2000221,1220002,4000884048841,1488404880004
660,2001001,1001002,4004005002001,1002005004004
661,2001002,2001002,4004009004004,4004009004004
662,2001011,1101002,4004045022121,1212205404004
663,2001012,2101002,4004049024144,4414209404004
664,2001021,1201002,4004085042441,1442405804004
665,2001022,2201002,4004089044484,4844409804004
666,2001101,1011002,4004405212201,1022125044004
667,2001102,2011002,4004409214404,4044129044004
668,2001111,1111002,4004445234321,1234325444004
669,2001112,2111002,4004449236544,4456329444004
670,2001121,1211002,4004485256641,1466525844004
671,2001122,2211002,4004489258884,4888529844004
672,2001201,1021002,4004805442401,1042445084004
673,2001202,2021002,4004809444804,4084449084004
674,2001211,1121002,4004845466521,1256645484004
675,2001212,2121002,4004849468944,4498649484004
676,2002001,1002002,4008008004001,1004008008004
677,2002011,1102002,4008048044121,1214408408004
678,2002021,1202002,4008088084441,1444808808004
679,2002101,1012002,4008408414201,1024148048004
680,2002111,1112002,4008448456321,1236548448004
681,2002121,1212002,4008488498641,1468948848004
682,2002201,1022002,4008808844401,1044488088004
683,2002211,1122002,4008848888521,1258888488004
684,2010001,1000102,4040104020001,1000204010404
685,2010002,2000102,4040108040004,4000408010404
686,2010011,1100102,4040144220121,1210224410404
687,2010012,2100102,4040148240144,4410428410404
688,2010021,1200102,4040184420441,1440244810404
689,2010022,2200102,4040188440484,4840448810404
690,2010101,1010102,4040506030201,1020306050404
691,2010111,1110102,4040546232321,1232326450404
692,2010121,1210102,4040586434641,1464346850404
693,2010201,1020102,4040908060401,1040608090404
694,2010211,1120102,4040948264521,1254628490404
695,2010221,1220102,4040988468841,1488648890404
696,2011001,1001102,4044125022001,1002205214404
697,2011002,2001102,4044129044004,4004409214404
698,2011011,1101102,4044165242121,1212425614404
699,2011012,2101102,4044169264144,4414629614404
700,2011101,1011102,4044527232201,1022327254404
701,2011111,1111102,4044567454321,1234547654404
702,2011201,1021102,4044929462401,1042649294404
703,2011211,1121102,4044969686521,1256869694404
704,2012001,1002102,4048148024001,1004208418404
705,2012011,1102102,4048188264121,1214628818404
706,2020001,1000202,4080404040001,1000404040804
707,2020002,2000202,4080408080004,4000808040804
708,2020011,1100202,4080444440121,1210444440804
709,2020012,2100202,4080448480144,4410848440804
710,2020021,1200202,4080484840441,1440484840804
711,2020022,2200202,4080488880484,4840888840804
712,2020101,1010202,4080808050201,1020508080804
713,2020111,1110202,4080848452321,1232548480804
714,2020121,1210202,4080888854641,1464588880804
715,2021001,1001202,4084445042001,1002405444804
716,2021002,2001202,4084449084004,4004809444804
717,2021011,1101202,4084485462121,1212645844804
718,2021101,1011202,4084849252201,1022529484804
719,2021111,1111202,4084889674321,1234769884804
720,2022001,1002202,4088488044001,1004408848804
721,2100001,1000012,4410004200001,1000024000144
722,2100002,2000012,4410008400004,4000048000144
723,2100011,1100012,4410046200121,1210026400144
724,2100021,1200012,4410088200441,1440028800144
725,2100101,1010012,4410424210201,1020124240144
726,2100102,2010012,4410428410404,4040148240144
727,2100111,1110012,4410466212321,1232126640144
728,2100201,1020012,4410844240401,1040424480144
729,2100202,2020012,4410848440804,4080448480144
730,2100211,1120012,4410886244521,1254426880144
731,2101001,1001012,4414205202001,1002025024144
732,2101002,2001012,4414209404004,4004049024144
733,2101011,1101012,4414247222121,1212227424144
734,2101021,1201012,4414289242441,1442429824144
735,2101101,1011012,4414625412201,1022145264144
736,2101102,2011012,4414629614404,4044169264144
737,2101111,1111012,4414667434321,1234347664144
738,2102001,1002012,4418408204001,1004028048144
739,2102101,1012012,4418828614201,1024168288144
740,2110001,1000112,4452104220001,1000224012544
741,2110002,2000112,4452108440004,4000448012544
742,2110011,1100112,4452146420121,1210246412544
743,2110021,1200112,4452188620441,1440268812544
744,2110101,1010112,4452526230201,1020326252544
745,2110111,1110112,4452568432321,1232348652544
746,2110201,1020112,4452948260401,1040628492544
747,2111001,1001112,4456325222001,1002225236544
748,2111002,2001112,4456329444004,4004449236544
749,2111011,1101112,4456367442121,1212447636544
750,2111101,1011112,4456747432201,1022347476544
751,2111111,1111112,4456789654321,1234569876544
752,2120001,1000212,4494404240001,1000424044944
753,2120002,2000212,4494408480004,4000848044944
754,2120011,1100212,4494446640121,1210466444944
755,2120101,1010212,4494828250201,1020528284944
756,2121001,1001212,4498645242001,1002425468944
757,2121002,2001212,4498649484004,4004849468944
758,2121011,1101212,4498687662121,1212667868944
